month,child_gender,birth_count
2012-01,F,8
2012-01,M,8
2012-01,F,1
2012-01,M,2
2012-01,F,19
2012-01,M,11
2012-01,F,1
2012-01,F,56
2012-01,M,49
2012-01,F,19
2012-01,M,21
2012-01,F,40
2012-01,M,39
2012-01,F,21
2012-01,M,21
2012-01,F,210
2012-01,M,279
2012-01,F,66
2012-01,M,43
2012-01,F,96
2012-01,M,114
2012-01,F,39
2012-01,M,43
2012-01,F,389
2012-01,M,473
2012-01,F,64
2012-01,M,70
2012-01,F,74
2012-01,M,84
2012-01,F,76
2012-01,M,76
2012-01,F,207
2012-01,M,217
2012-01,F,23
2012-01,M,19
2012-01,F,29
2012-01,M,36
2012-01,F,52
2012-01,M,48
2012-01,F,35
2012-01,M,36
2012-01,F,2
2012-01,M,2
2012-01,F,14
2012-01,M,5
2012-01,F,15
2012-01,M,8
2012-01,M,5
2012-01,M,1
2012-01,M,1
2012-02,F,8
2012-02,M,6
2012-02,F,4
2012-02,F,10
2012-02,M,12
2012-02,F,1
2012-02,M,1
2012-02,F,41
2012-02,M,63
2012-02,F,7
2012-02,M,10
2012-02,F,35
2012-02,M,36
2012-02,F,15
2012-02,M,16
2012-02,F,226
2012-02,M,245
2012-02,F,57
2012-02,M,60
2012-02,F,116
2012-02,M,89
2012-02,F,43
2012-02,M,49
2012-02,F,445
2012-02,M,506
2012-02,F,65
2012-02,M,64
2012-02,F,50
2012-02,M,76
2012-02,F,68
2012-02,M,80
2012-02,F,230
2012-02,M,208
2012-02,F,30
2012-02,M,26
2012-02,F,21
2012-02,M,28
2012-02,F,45
2012-02,M,59
2012-02,F,41
2012-02,M,39
2012-02,F,3
2012-02,F,5
2012-02,M,5
2012-02,F,16
2012-02,M,11
2012-02,F,1
2012-02,M,1
2012-02,F,1
2012-02,F,1
2012-03,F,2
2012-03,M,9
2012-03,F,2
2012-03,M,2
2012-03,F,11
2012-03,M,13
2012-03,F,52
2012-03,M,56
2012-03,F,15
2012-03,M,18
2012-03,F,55
2012-03,M,39
2012-03,F,13
2012-03,M,9
2012-03,F,215
2012-03,M,257
2012-03,F,61
2012-03,M,47
2012-03,F,89
2012-03,M,96
2012-03,F,41
2012-03,M,67
2012-03,F,454
2012-03,M,499
2012-03,F,82
2012-03,M,63
2012-03,F,80
2012-03,M,90
2012-03,F,71
2012-03,M,89
2012-03,F,260
2012-03,M,253
2012-03,F,33
2012-03,M,24
2012-03,F,29
2012-03,M,39
2012-03,F,49
2012-03,M,55
2012-03,F,39
2012-03,M,38
2012-03,F,3
2012-03,M,1
2012-03,F,3
2012-03,M,7
2012-03,F,4
2012-03,M,13
2012-03,F,3
2012-03,M,2
2012-03,F,1
2012-04,F,9
2012-04,M,7
2012-04,M,4
2012-04,F,18
2012-04,M,7
2012-04,F,3
2012-04,M,1
2012-04,F,55
2012-04,M,53
2012-04,F,16
2012-04,M,11
2012-04,F,45
2012-04,M,38
2012-04,F,18
2012-04,M,23
2012-04,F,219
2012-04,M,257
2012-04,F,50
2012-04,M,61
2012-04,F,94
2012-04,M,78
2012-04,F,38
2012-04,M,49
2012-04,F,452
2012-04,M,478
2012-04,F,67
2012-04,M,70
2012-04,F,57
2012-04,M,68
2012-04,F,100
2012-04,M,91
2012-04,F,223
2012-04,M,252
2012-04,F,27
2012-04,M,24
2012-04,F,30
2012-04,M,32
2012-04,F,48
2012-04,M,66
2012-04,F,36
2012-04,M,37
2012-04,F,2
2012-04,M,7
2012-04,F,8
2012-04,M,6
2012-04,F,8
2012-04,M,7
2012-04,F,2
2012-04,M,2
2012-04,M,1
2012-05,F,5
2012-05,M,12
2012-05,F,5
2012-05,M,3
2012-05,F,13
2012-05,M,16
2012-05,F,6
2012-05,M,1
2012-05,F,52
2012-05,M,45
2012-05,F,18
2012-05,M,10
2012-05,F,28
2012-05,M,42
2012-05,F,14
2012-05,M,18
2012-05,F,248
2012-05,M,282
2012-05,F,71
2012-05,M,61
2012-05,F,81
2012-05,M,105
2012-05,F,40
2012-05,M,45
2012-05,F,476
2012-05,M,505
2012-05,F,78
2012-05,M,68
2012-05,F,77
2012-05,M,77
2012-05,F,91
2012-05,M,93
2012-05,F,213
2012-05,M,253
2012-05,F,26
2012-05,M,17
2012-05,F,36
2012-05,M,29
2012-05,F,50
2012-05,M,56
2012-05,F,41
2012-05,M,42
2012-05,F,4
2012-05,M,3
2012-05,F,11
2012-05,M,11
2012-05,F,8
2012-05,M,12
2012-05,F,1
2012-05,M,3
2012-06,F,2
2012-06,M,8
2012-06,F,2
2012-06,M,3
2012-06,F,14
2012-06,M,10
2012-06,M,2
2012-06,F,60
2012-06,M,49
2012-06,F,11
2012-06,M,11
2012-06,F,29
2012-06,M,45
2012-06,F,13
2012-06,M,15
2012-06,F,244
2012-06,M,234
2012-06,F,80
2012-06,M,58
2012-06,F,102
2012-06,M,79
2012-06,F,61
2012-06,M,62
2012-06,F,381
2012-06,M,451
2012-06,F,74
2012-06,M,66
2012-06,F,63
2012-06,M,94
2012-06,F,79
2012-06,M,80
2012-06,F,224
2012-06,M,211
2012-06,F,28
2012-06,M,21
2012-06,F,33
2012-06,M,43
2012-06,F,51
2012-06,M,57
2012-06,F,33
2012-06,M,49
2012-06,F,4
2012-06,M,3
2012-06,F,8
2012-06,M,9
2012-06,F,17
2012-06,M,12
2012-06,F,1
2012-06,M,2
2012-06,M,1
2012-07,F,12
2012-07,M,14
2012-07,F,2
2012-07,M,1
2012-07,F,18
2012-07,M,13
2012-07,F,2
2012-07,M,3
2012-07,F,60
2012-07,M,64
2012-07,F,11
2012-07,M,18
2012-07,F,41
2012-07,M,38
2012-07,F,9
2012-07,M,19
2012-07,F,266
2012-07,M,245
2012-07,F,61
2012-07,M,61
2012-07,F,100
2012-07,M,105
2012-07,F,58
2012-07,M,62
2012-07,F,454
2012-07,M,479
2012-07,F,62
2012-07,M,81
2012-07,F,72
2012-07,M,77
2012-07,F,90
2012-07,M,110
2012-07,F,236
2012-07,M,236
2012-07,F,24
2012-07,M,21
2012-07,F,39
2012-07,M,31
2012-07,F,40
2012-07,M,53
2012-07,F,34
2012-07,M,35
2012-07,F,7
2012-07,M,4
2012-07,F,5
2012-07,M,5
2012-07,F,12
2012-07,M,8
2012-07,F,1
2012-08,F,6
2012-08,M,10
2012-08,M,3
2012-08,F,16
2012-08,M,15
2012-08,F,1
2012-08,F,63
2012-08,M,46
2012-08,F,9
2012-08,M,17
2012-08,F,42
2012-08,M,56
2012-08,F,17
2012-08,M,23
2012-08,F,268
2012-08,M,307
2012-08,F,50
2012-08,M,56
2012-08,F,105
2012-08,M,124
2012-08,F,64
2012-08,M,50
2012-08,F,491
2012-08,M,540
2012-08,F,71
2012-08,M,83
2012-08,F,85
2012-08,M,87
2012-08,F,83
2012-08,M,88
2012-08,F,230
2012-08,M,253
2012-08,F,19
2012-08,M,27
2012-08,F,41
2012-08,M,39
2012-08,F,60
2012-08,M,62
2012-08,F,37
2012-08,M,43
2012-08,F,2
2012-08,M,3
2012-08,F,6
2012-08,M,10
2012-08,F,8
2012-08,M,7
2012-08,M,2
2012-08,M,1
2012-08,F,1
2012-09,F,7
2012-09,M,11
2012-09,F,3
2012-09,M,3
2012-09,F,16
2012-09,M,16
2012-09,F,3
2012-09,M,2
2012-09,F,63
2012-09,M,54
2012-09,F,14
2012-09,M,22
2012-09,F,36
2012-09,M,51
2012-09,F,8
2012-09,M,26
2012-09,F,310
2012-09,M,291
2012-09,F,56
2012-09,M,63
2012-09,F,112
2012-09,M,110
2012-09,F,53
2012-09,M,62
2012-09,F,482
2012-09,M,550
2012-09,F,67
2012-09,M,68
2012-09,F,69
2012-09,M,72
2012-09,F,87
2012-09,M,106
2012-09,F,252
2012-09,M,275
2012-09,F,24
2012-09,M,14
2012-09,F,30
2012-09,M,19
2012-09,F,55
2012-09,M,48
2012-09,F,26
2012-09,M,52
2012-09,F,2
2012-09,M,2
2012-09,F,10
2012-09,M,6
2012-09,F,11
2012-09,M,7
2012-09,F,1
2012-09,M,1
2012-10,F,7
2012-10,M,5
2012-10,M,1
2012-10,F,12
2012-10,M,7
2012-10,F,2
2012-10,M,1
2012-10,F,64
2012-10,M,65
2012-10,F,13
2012-10,M,23
2012-10,F,41
2012-10,M,43
2012-10,F,18
2012-10,M,18
2012-10,F,274
2012-10,M,344
2012-10,F,62
2012-10,M,63
2012-10,F,104
2012-10,M,113
2012-10,F,57
2012-10,M,62
2012-10,F,549
2012-10,M,657
2012-10,F,83
2012-10,M,91
2012-10,F,70
2012-10,M,83
2012-10,F,106
2012-10,M,106
2012-10,F,276
2012-10,M,290
2012-10,F,25
2012-10,M,21
2012-10,F,33
2012-10,M,34
2012-10,F,70
2012-10,M,50
2012-10,F,42
2012-10,M,36
2012-10,F,8
2012-10,M,3
2012-10,F,6
2012-10,M,11
2012-10,F,14
2012-10,M,15
2012-10,F,5
2012-10,M,2
2012-10,M,1
2012-11,F,6
2012-11,M,4
2012-11,M,1
2012-11,F,4
2012-11,M,15
2012-11,F,3
2012-11,M,3
2012-11,F,48
2012-11,M,56
2012-11,F,20
2012-11,M,12
2012-11,F,39
2012-11,M,48
2012-11,F,25
2012-11,M,14
2012-11,F,290
2012-11,M,303
2012-11,F,61
2012-11,M,55
2012-11,F,84
2012-11,M,105
2012-11,F,64
2012-11,M,57
2012-11,F,512
2012-11,M,569
2012-11,F,71
2012-11,M,87
2012-11,F,85
2012-11,M,77
2012-11,F,83
2012-11,M,119
2012-11,F,252
2012-11,M,302
2012-11,F,27
2012-11,M,26
2012-11,F,28
2012-11,M,39
2012-11,F,43
2012-11,M,61
2012-11,F,42
2012-11,M,36
2012-11,F,1
2012-11,M,3
2012-11,F,12
2012-11,M,8
2012-11,F,21
2012-11,M,13
2012-11,F,1
2012-11,M,2
2012-11,F,1
2012-12,F,8
2012-12,M,7
2012-12,F,2
2012-12,F,13
2012-12,M,8
2012-12,F,59
2012-12,M,55
2012-12,F,20
2012-12,M,18
2012-12,F,45
2012-12,M,51
2012-12,F,17
2012-12,M,16
2012-12,F,247
2012-12,M,257
2012-12,F,54
2012-12,M,65
2012-12,F,88
2012-12,M,85
2012-12,F,65
2012-12,M,54
2012-12,F,490
2012-12,M,529
2012-12,F,88
2012-12,M,90
2012-12,F,78
2012-12,M,89
2012-12,F,90
2012-12,M,76
2012-12,F,241
2012-12,M,290
2012-12,F,28
2012-12,M,36
2012-12,F,31
2012-12,M,34
2012-12,F,50
2012-12,M,61
2012-12,F,44
2012-12,M,32
2012-12,M,2
2012-12,F,6
2012-12,M,2
2012-12,F,5
2012-12,M,14
2012-12,M,2
2012-12,M,2
2013-01,F,3
2013-01,M,11
2013-01,F,2
2013-01,M,2
2013-01,F,8
2013-01,M,15
2013-01,F,3
2013-01,M,2
2013-01,F,50
2013-01,M,61
2013-01,F,13
2013-01,M,10
2013-01,F,46
2013-01,M,46
2013-01,F,15
2013-01,M,12
2013-01,F,279
2013-01,M,302
2013-01,F,48
2013-01,M,63
2013-01,F,87
2013-01,M,101
2013-01,F,46
2013-01,M,64
2013-01,F,486
2013-01,M,543
2013-01,F,74
2013-01,M,77
2013-01,F,71
2013-01,M,63
2013-01,F,92
2013-01,M,97
2013-01,F,246
2013-01,M,278
2013-01,F,25
2013-01,M,28
2013-01,F,33
2013-01,M,24
2013-01,F,56
2013-01,M,55
2013-01,F,33
2013-01,M,34
2013-01,F,1
2013-01,M,4
2013-01,F,9
2013-01,M,1
2013-01,F,14
2013-01,M,10
2013-01,F,2
2013-01,M,4
2013-01,F,1
2013-01,M,1
2013-01,M,1
2013-02,F,5
2013-02,M,6
2013-02,F,2
2013-02,M,1
2013-02,F,10
2013-02,M,6
2013-02,F,1
2013-02,M,2
2013-02,F,49
2013-02,M,51
2013-02,F,10
2013-02,M,16
2013-02,F,27
2013-02,M,40
2013-02,F,13
2013-02,M,15
2013-02,F,203
2013-02,M,216
2013-02,F,47
2013-02,M,50
2013-02,F,95
2013-02,M,86
2013-02,F,36
2013-02,M,51
2013-02,F,391
2013-02,M,418
2013-02,F,67
2013-02,M,76
2013-02,F,65
2013-02,M,67
2013-02,F,86
2013-02,M,75
2013-02,U,1
2013-02,F,194
2013-02,M,204
2013-02,F,19
2013-02,M,29
2013-02,F,30
2013-02,M,34
2013-02,F,52
2013-02,M,52
2013-02,F,35
2013-02,M,33
2013-02,F,2
2013-02,M,1
2013-02,F,8
2013-02,M,12
2013-02,F,16
2013-02,M,9
2013-02,F,2
2013-02,M,3
2013-03,F,13
2013-03,M,12
2013-03,F,2
2013-03,M,1
2013-03,F,5
2013-03,M,12
2013-03,F,2
2013-03,M,1
2013-03,F,40
2013-03,M,42
2013-03,F,10
2013-03,M,19
2013-03,F,33
2013-03,M,39
2013-03,F,16
2013-03,M,13
2013-03,F,235
2013-03,M,244
2013-03,F,60
2013-03,M,62
2013-03,F,90
2013-03,M,109
2013-03,F,33
2013-03,M,49
2013-03,F,429
2013-03,M,490
2013-03,F,61
2013-03,M,93
2013-03,F,72
2013-03,M,77
2013-03,F,99
2013-03,M,81
2013-03,F,213
2013-03,M,244
2013-03,F,13
2013-03,M,27
2013-03,F,36
2013-03,M,29
2013-03,F,59
2013-03,M,49
2013-03,F,40
2013-03,M,51
2013-03,F,3
2013-03,M,8
2013-03,F,5
2013-03,M,6
2013-03,F,7
2013-03,M,14
2013-03,M,1
2013-03,M,1
2013-03,F,2
2013-04,F,3
2013-04,M,5
2013-04,F,2
2013-04,M,2
2013-04,F,10
2013-04,M,15
2013-04,F,2
2013-04,M,1
2013-04,F,49
2013-04,M,54
2013-04,F,18
2013-04,M,15
2013-04,F,29
2013-04,M,34
2013-04,F,11
2013-04,M,19
2013-04,F,192
2013-04,M,194
2013-04,F,52
2013-04,M,48
2013-04,F,85
2013-04,M,92
2013-04,F,42
2013-04,M,45
2013-04,F,380
2013-04,M,431
2013-04,F,83
2013-04,M,68
2013-04,F,52
2013-04,M,76
2013-04,F,76
2013-04,M,95
2013-04,F,192
2013-04,M,215
2013-04,F,29
2013-04,M,28
2013-04,F,38
2013-04,M,21
2013-04,F,46
2013-04,M,57
2013-04,F,36
2013-04,M,31
2013-04,F,1
2013-04,F,2
2013-04,M,7
2013-04,F,20
2013-04,M,13
2013-04,M,1
2013-04,F,1
2013-05,F,3
2013-05,M,4
2013-05,F,1
2013-05,M,2
2013-05,F,8
2013-05,M,11
2013-05,M,3
2013-05,F,47
2013-05,M,53
2013-05,F,15
2013-05,M,17
2013-05,F,35
2013-05,M,45
2013-05,F,18
2013-05,M,11
2013-05,F,201
2013-05,M,235
2013-05,F,57
2013-05,M,58
2013-05,F,98
2013-05,M,105
2013-05,F,51
2013-05,M,45
2013-05,F,437
2013-05,M,432
2013-05,F,65
2013-05,M,62
2013-05,F,84
2013-05,M,80
2013-05,F,106
2013-05,M,92
2013-05,F,207
2013-05,M,219
2013-05,F,23
2013-05,M,24
2013-05,F,30
2013-05,M,38
2013-05,F,66
2013-05,M,61
2013-05,F,45
2013-05,M,37
2013-05,F,4
2013-05,M,4
2013-05,F,10
2013-05,M,7
2013-05,F,10
2013-05,M,9
2013-05,M,1
2013-05,F,1
2013-05,M,1
2013-05,F,1
2013-05,F,1
2013-05,M,1
2013-05,F,1
2013-06,F,10
2013-06,M,2
2013-06,F,1
2013-06,M,2
2013-06,F,12
2013-06,M,18
2013-06,M,1
2013-06,F,43
2013-06,M,47
2013-06,F,13
2013-06,M,14
2013-06,F,35
2013-06,M,44
2013-06,F,18
2013-06,M,17
2013-06,F,217
2013-06,M,194
2013-06,F,57
2013-06,M,53
2013-06,F,101
2013-06,M,95
2013-06,F,47
2013-06,M,49
2013-06,F,408
2013-06,M,438
2013-06,F,72
2013-06,M,74
2013-06,F,76
2013-06,M,97
2013-06,F,78
2013-06,M,91
2013-06,F,192
2013-06,M,226
2013-06,F,28
2013-06,M,30
2013-06,F,35
2013-06,M,31
2013-06,F,58
2013-06,M,57
2013-06,F,45
2013-06,M,40
2013-06,F,1
2013-06,M,6
2013-06,F,7
2013-06,M,4
2013-06,F,9
2013-06,M,11
2013-06,F,1
2013-06,M,1
2013-06,F,1
2013-07,F,8
2013-07,M,7
2013-07,M,3
2013-07,F,12
2013-07,M,15
2013-07,F,1
2013-07,M,5
2013-07,F,37
2013-07,M,36
2013-07,F,12
2013-07,M,15
2013-07,F,37
2013-07,M,41
2013-07,F,12
2013-07,M,11
2013-07,F,210
2013-07,M,237
2013-07,F,56
2013-07,M,51
2013-07,F,89
2013-07,M,109
2013-07,F,35
2013-07,M,58
2013-07,F,422
2013-07,M,415
2013-07,F,83
2013-07,M,57
2013-07,F,100
2013-07,M,82
2013-07,F,71
2013-07,M,85
2013-07,F,206
2013-07,M,220
2013-07,F,16
2013-07,M,25
2013-07,F,28
2013-07,M,36
2013-07,F,55
2013-07,M,56
2013-07,F,37
2013-07,M,39
2013-07,F,2
2013-07,M,2
2013-07,F,7
2013-07,M,12
2013-07,F,9
2013-07,M,8
2013-07,F,1
2013-07,M,3
2013-07,F,1
2013-07,M,1
2013-08,F,4
2013-08,M,9
2013-08,F,3
2013-08,M,5
2013-08,F,10
2013-08,M,6
2013-08,F,2
2013-08,F,39
2013-08,M,50
2013-08,F,14
2013-08,M,12
2013-08,F,40
2013-08,M,43
2013-08,F,14
2013-08,M,14
2013-08,F,195
2013-08,M,249
2013-08,F,56
2013-08,M,49
2013-08,F,92
2013-08,M,120
2013-08,F,50
2013-08,M,40
2013-08,F,413
2013-08,M,421
2013-08,F,69
2013-08,M,68
2013-08,F,77
2013-08,M,92
2013-08,F,85
2013-08,M,115
2013-08,F,200
2013-08,M,236
2013-08,F,28
2013-08,M,24
2013-08,F,44
2013-08,M,34
2013-08,F,56
2013-08,M,58
2013-08,F,34
2013-08,M,39
2013-08,F,5
2013-08,M,4
2013-08,F,10
2013-08,M,11
2013-08,F,10
2013-08,M,12
2013-08,F,5
2013-08,M,2
2013-09,F,9
2013-09,M,8
2013-09,F,6
2013-09,F,8
2013-09,M,10
2013-09,F,1
2013-09,M,2
2013-09,F,44
2013-09,M,45
2013-09,F,11
2013-09,M,17
2013-09,F,31
2013-09,M,48
2013-09,F,15
2013-09,M,11
2013-09,F,228
2013-09,M,275
2013-09,F,45
2013-09,M,58
2013-09,F,104
2013-09,M,121
2013-09,F,51
2013-09,M,58
2013-09,F,422
2013-09,M,452
2013-09,F,84
2013-09,M,83
2013-09,F,82
2013-09,M,77
2013-09,F,106
2013-09,M,98
2013-09,F,214
2013-09,M,235
2013-09,F,23
2013-09,M,30
2013-09,F,44
2013-09,M,30
2013-09,F,49
2013-09,M,65
2013-09,F,37
2013-09,M,40
2013-09,F,2
2013-09,M,1
2013-09,F,8
2013-09,M,7
2013-09,F,8
2013-09,M,11
2013-09,F,2
2013-09,M,1
2013-09,M,1
2013-09,M,1
2013-09,M,1
2013-10,F,6
2013-10,M,6
2013-10,F,1
2013-10,M,3
2013-10,F,10
2013-10,M,7
2013-10,M,1
2013-10,F,47
2013-10,M,48
2013-10,F,10
2013-10,M,15
2013-10,F,42
2013-10,M,54
2013-10,F,8
2013-10,M,23
2013-10,F,264
2013-10,M,245
2013-10,F,51
2013-10,M,74
2013-10,F,102
2013-10,M,118
2013-10,F,44
2013-10,M,49
2013-10,F,472
2013-10,M,442
2013-10,F,71
2013-10,M,71
2013-10,F,91
2013-10,M,72
2013-10,F,87
2013-10,M,93
2013-10,F,238
2013-10,M,268
2013-10,F,32
2013-10,M,34
2013-10,F,36
2013-10,M,31
2013-10,F,60
2013-10,M,69
2013-10,F,28
2013-10,M,39
2013-10,F,4
2013-10,M,6
2013-10,F,11
2013-10,M,9
2013-10,F,10
2013-10,M,17
2013-10,F,2
2013-10,M,8
2013-10,F,1
2013-10,M,1
2013-11,F,9
2013-11,M,3
2013-11,F,3
2013-11,M,3
2013-11,F,13
2013-11,M,11
2013-11,M,1
2013-11,F,53
2013-11,M,43
2013-11,F,12
2013-11,M,14
2013-11,F,39
2013-11,M,45
2013-11,F,12
2013-11,M,13
2013-11,F,215
2013-11,M,251
2013-11,F,63
2013-11,M,52
2013-11,F,98
2013-11,M,109
2013-11,F,47
2013-11,M,50
2013-11,F,446
2013-11,M,486
2013-11,F,81
2013-11,M,75
2013-11,F,67
2013-11,M,80
2013-11,F,108
2013-11,M,91
2013-11,F,208
2013-11,M,235
2013-11,F,28
2013-11,M,37
2013-11,F,34
2013-11,M,40
2013-11,F,48
2013-11,M,58
2013-11,F,53
2013-11,M,42
2013-11,F,1
2013-11,M,2
2013-11,F,12
2013-11,M,10
2013-11,F,11
2013-11,M,10
2013-11,F,3
2013-11,M,1
2013-12,F,3
2013-12,M,5
2013-12,F,1
2013-12,M,1
2013-12,F,8
2013-12,M,7
2013-12,F,40
2013-12,M,50
2013-12,F,19
2013-12,M,11
2013-12,F,38
2013-12,M,47
2013-12,F,8
2013-12,M,17
2013-12,F,239
2013-12,M,260
2013-12,F,57
2013-12,M,59
2013-12,F,110
2013-12,M,125
2013-12,F,46
2013-12,M,46
2013-12,F,393
2013-12,M,391
2013-12,F,69
2013-12,M,79
2013-12,F,77
2013-12,M,87
2013-12,F,108
2013-12,M,88
2013-12,F,240
2013-12,M,259
2013-12,F,27
2013-12,M,31
2013-12,F,39
2013-12,M,41
2013-12,F,52
2013-12,M,57
2013-12,F,39
2013-12,M,52
2013-12,F,4
2013-12,M,7
2013-12,F,7
2013-12,M,5
2013-12,F,9
2013-12,M,8
2013-12,F,2
2013-12,F,1
2014-01,F,5
2014-01,M,4
2014-01,F,1
2014-01,M,1
2014-01,F,7
2014-01,M,15
2014-01,F,28
2014-01,M,40
2014-01,F,11
2014-01,M,13
2014-01,F,36
2014-01,M,36
2014-01,F,11
2014-01,M,14
2014-01,F,232
2014-01,M,254
2014-01,F,57
2014-01,M,64
2014-01,F,98
2014-01,M,101
2014-01,F,50
2014-01,M,60
2014-01,F,405
2014-01,M,423
2014-01,F,71
2014-01,M,79
2014-01,F,93
2014-01,M,86
2014-01,F,93
2014-01,M,97
2014-01,F,224
2014-01,M,215
2014-01,F,20
2014-01,M,32
2014-01,F,27
2014-01,M,43
2014-01,F,52
2014-01,M,41
2014-01,F,32
2014-01,M,33
2014-01,F,3
2014-01,M,4
2014-01,F,9
2014-01,M,7
2014-01,F,14
2014-01,M,8
2014-01,F,1
2014-01,M,1
2014-01,F,1
2014-02,F,5
2014-02,M,9
2014-02,F,3
2014-02,F,8
2014-02,M,13
2014-02,F,1
2014-02,M,1
2014-02,F,40
2014-02,M,55
2014-02,F,17
2014-02,M,15
2014-02,F,33
2014-02,M,29
2014-02,F,10
2014-02,M,12
2014-02,F,223
2014-02,M,230
2014-02,F,40
2014-02,M,49
2014-02,F,101
2014-02,M,96
2014-02,F,41
2014-02,M,53
2014-02,F,434
2014-02,M,467
2014-02,F,72
2014-02,M,60
2014-02,F,70
2014-02,M,75
2014-02,F,77
2014-02,M,95
2014-02,F,225
2014-02,M,243
2014-02,F,21
2014-02,M,27
2014-02,F,31
2014-02,M,31
2014-02,F,63
2014-02,M,56
2014-02,F,24
2014-02,M,39
2014-02,F,2
2014-02,M,6
2014-02,F,6
2014-02,M,6
2014-02,F,9
2014-02,M,5
2014-02,M,1
2014-03,F,7
2014-03,M,8
2014-03,F,4
2014-03,M,4
2014-03,F,6
2014-03,M,8
2014-03,F,1
2014-03,F,39
2014-03,M,45
2014-03,F,17
2014-03,M,17
2014-03,F,27
2014-03,M,46
2014-03,F,19
2014-03,M,18
2014-03,F,213
2014-03,M,272
2014-03,F,63
2014-03,M,46
2014-03,F,105
2014-03,M,106
2014-03,F,56
2014-03,M,45
2014-03,F,448
2014-03,M,475
2014-03,F,63
2014-03,M,67
2014-03,F,72
2014-03,M,87
2014-03,F,82
2014-03,M,89
2014-03,F,229
2014-03,M,244
2014-03,F,32
2014-03,M,19
2014-03,F,33
2014-03,M,37
2014-03,F,63
2014-03,M,70
2014-03,F,40
2014-03,M,42
2014-03,F,3
2014-03,M,2
2014-03,F,6
2014-03,M,8
2014-03,F,22
2014-03,M,13
2014-03,F,2
2014-03,M,1
2014-03,M,1
2014-03,F,1
2014-03,M,1
2014-04,F,11
2014-04,M,7
2014-04,F,1
2014-04,F,11
2014-04,M,7
2014-04,M,2
2014-04,F,47
2014-04,M,42
2014-04,F,10
2014-04,M,16
2014-04,F,45
2014-04,M,41
2014-04,F,17
2014-04,M,14
2014-04,F,243
2014-04,M,263
2014-04,F,42
2014-04,M,60
2014-04,F,98
2014-04,M,97
2014-04,F,39
2014-04,M,53
2014-04,F,490
2014-04,M,474
2014-04,F,65
2014-04,M,79
2014-04,F,79
2014-04,M,95
2014-04,F,93
2014-04,M,107
2014-04,F,227
2014-04,M,229
2014-04,F,34
2014-04,M,26
2014-04,F,40
2014-04,M,26
2014-04,F,53
2014-04,M,66
2014-04,F,46
2014-04,M,39
2014-04,F,5
2014-04,M,6
2014-04,F,9
2014-04,M,10
2014-04,F,7
2014-04,M,18
2014-04,F,1
2014-04,M,1
2014-04,F,1
2014-04,M,1
2014-04,M,1
2014-05,F,5
2014-05,M,8
2014-05,M,4
2014-05,F,11
2014-05,M,9
2014-05,F,1
2014-05,M,2
2014-05,F,51
2014-05,M,42
2014-05,F,13
2014-05,M,15
2014-05,F,38
2014-05,M,43
2014-05,F,14
2014-05,M,12
2014-05,F,219
2014-05,M,275
2014-05,F,61
2014-05,M,57
2014-05,F,124
2014-05,M,121
2014-05,F,54
2014-05,M,49
2014-05,F,495
2014-05,M,465
2014-05,F,92
2014-05,M,66
2014-05,F,98
2014-05,M,107
2014-05,F,108
2014-05,M,93
2014-05,F,244
2014-05,M,233
2014-05,F,28
2014-05,M,23
2014-05,F,39
2014-05,M,39
2014-05,F,62
2014-05,M,54
2014-05,F,41
2014-05,M,39
2014-05,F,3
2014-05,M,3
2014-05,F,9
2014-05,M,10
2014-05,F,14
2014-05,M,8
2014-05,F,1
2014-05,M,1
2014-05,F,1
2014-05,M,2
2014-06,F,4
2014-06,M,4
2014-06,M,2
2014-06,F,10
2014-06,M,8
2014-06,F,32
2014-06,M,49
2014-06,F,9
2014-06,M,18
2014-06,F,42
2014-06,M,36
2014-06,F,12
2014-06,M,14
2014-06,F,241
2014-06,M,258
2014-06,F,42
2014-06,M,48
2014-06,F,104
2014-06,M,121
2014-06,F,46
2014-06,M,60
2014-06,F,447
2014-06,M,465
2014-06,F,72
2014-06,M,69
2014-06,F,91
2014-06,M,88
2014-06,F,74
2014-06,M,99
2014-06,F,202
2014-06,M,250
2014-06,F,26
2014-06,M,20
2014-06,F,40
2014-06,M,28
2014-06,F,55
2014-06,M,58
2014-06,F,32
2014-06,M,35
2014-06,F,4
2014-06,M,5
2014-06,F,10
2014-06,M,7
2014-06,F,12
2014-06,M,15
2014-06,F,1
2014-06,F,1
2014-07,F,5
2014-07,M,6
2014-07,M,3
2014-07,F,5
2014-07,M,8
2014-07,F,1
2014-07,M,2
2014-07,F,47
2014-07,M,54
2014-07,F,16
2014-07,M,9
2014-07,F,35
2014-07,M,44
2014-07,F,13
2014-07,M,8
2014-07,F,222
2014-07,M,272
2014-07,F,48
2014-07,M,68
2014-07,F,98
2014-07,M,87
2014-07,F,40
2014-07,M,48
2014-07,F,533
2014-07,M,490
2014-07,F,78
2014-07,M,74
2014-07,F,83
2014-07,M,95
2014-07,F,85
2014-07,M,114
2014-07,F,245
2014-07,M,240
2014-07,F,35
2014-07,M,31
2014-07,F,45
2014-07,M,31
2014-07,F,58
2014-07,M,55
2014-07,F,30
2014-07,M,44
2014-07,F,7
2014-07,M,5
2014-07,F,7
2014-07,M,7
2014-07,F,16
2014-07,M,9
2014-07,M,3
2014-07,F,1
2014-07,M,2
2014-07,F,3
2014-07,F,1
2014-07,F,1
2014-08,F,4
2014-08,M,9
2014-08,F,3
2014-08,F,6
2014-08,M,3
2014-08,F,3
2014-08,F,49
2014-08,M,48
2014-08,F,12
2014-08,M,19
2014-08,F,40
2014-08,M,36
2014-08,F,9
2014-08,M,15
2014-08,F,236
2014-08,M,253
2014-08,F,55
2014-08,M,54
2014-08,F,88
2014-08,M,120
2014-08,F,39
2014-08,M,52
2014-08,F,444
2014-08,M,511
2014-08,F,81
2014-08,M,77
2014-08,F,98
2014-08,M,59
2014-08,F,84
2014-08,M,91
2014-08,F,216
2014-08,M,261
2014-08,F,25
2014-08,M,23
2014-08,F,40
2014-08,M,36
2014-08,F,50
2014-08,M,56
2014-08,F,33
2014-08,M,45
2014-08,F,4
2014-08,M,6
2014-08,F,8
2014-08,M,10
2014-08,F,10
2014-08,M,11
2014-08,F,2
2014-08,F,1
2014-08,M,1
2014-09,F,3
2014-09,M,4
2014-09,F,2
2014-09,M,2
2014-09,F,13
2014-09,M,6
2014-09,F,1
2014-09,F,33
2014-09,M,46
2014-09,F,9
2014-09,M,15
2014-09,F,45
2014-09,M,48
2014-09,F,17
2014-09,M,16
2014-09,F,233
2014-09,M,277
2014-09,F,55
2014-09,M,61
2014-09,F,103
2014-09,M,111
2014-09,U,1
2014-09,F,46
2014-09,M,41
2014-09,F,494
2014-09,M,543
2014-09,F,85
2014-09,M,77
2014-09,F,92
2014-09,M,80
2014-09,F,82
2014-09,M,97
2014-09,F,251
2014-09,M,278
2014-09,F,32
2014-09,M,30
2014-09,F,37
2014-09,M,35
2014-09,F,52
2014-09,M,74
2014-09,F,42
2014-09,M,50
2014-09,F,5
2014-09,M,7
2014-09,F,12
2014-09,M,6
2014-09,F,6
2014-09,M,8
2014-09,F,4
2014-10,F,3
2014-10,M,5
2014-10,F,1
2014-10,M,3
2014-10,F,10
2014-10,M,11
2014-10,F,3
2014-10,M,1
2014-10,F,42
2014-10,M,51
2014-10,F,15
2014-10,M,15
2014-10,F,47
2014-10,M,56
2014-10,F,17
2014-10,M,14
2014-10,F,271
2014-10,M,293
2014-10,F,56
2014-10,M,52
2014-10,F,108
2014-10,M,113
2014-10,F,47
2014-10,M,46
2014-10,F,551
2014-10,M,566
2014-10,F,84
2014-10,M,65
2014-10,F,98
2014-10,M,95
2014-10,F,79
2014-10,M,84
2014-10,F,279
2014-10,M,300
2014-10,F,31
2014-10,M,39
2014-10,F,23
2014-10,M,46
2014-10,F,76
2014-10,M,55
2014-10,F,53
2014-10,M,43
2014-10,F,1
2014-10,M,4
2014-10,F,13
2014-10,M,7
2014-10,F,10
2014-10,M,16
2014-10,F,2
2014-10,M,2
2014-10,F,1
2014-10,F,1
2014-10,M,1
2014-10,F,1
2014-11,F,4
2014-11,M,8
2014-11,F,1
2014-11,M,1
2014-11,F,5
2014-11,M,9
2014-11,F,2
2014-11,M,1
2014-11,F,40
2014-11,M,50
2014-11,F,16
2014-11,M,19
2014-11,F,42
2014-11,M,34
2014-11,F,13
2014-11,M,13
2014-11,F,218
2014-11,M,284
2014-11,F,62
2014-11,M,63
2014-11,F,102
2014-11,M,104
2014-11,F,47
2014-11,M,58
2014-11,F,520
2014-11,M,526
2014-11,F,74
2014-11,M,79
2014-11,F,82
2014-11,M,102
2014-11,F,99
2014-11,M,103
2014-11,F,259
2014-11,M,269
2014-11,F,30
2014-11,M,37
2014-11,F,36
2014-11,M,31
2014-11,F,67
2014-11,M,63
2014-11,F,49
2014-11,M,56
2014-11,F,2
2014-11,M,3
2014-11,F,9
2014-11,M,10
2014-11,F,18
2014-11,M,11
2014-11,F,1
2014-11,F,2
2014-11,M,1
2014-12,F,2
2014-12,M,5
2014-12,M,2
2014-12,F,11
2014-12,M,7
2014-12,F,34
2014-12,M,37
2014-12,F,11
2014-12,M,21
2014-12,F,41
2014-12,M,36
2014-12,F,8
2014-12,M,16
2014-12,F,234
2014-12,M,272
2014-12,F,54
2014-12,M,58
2014-12,F,117
2014-12,M,119
2014-12,F,42
2014-12,M,46
2014-12,F,480
2014-12,M,485
2014-12,F,86
2014-12,M,68
2014-12,F,85
2014-12,M,80
2014-12,F,98
2014-12,M,105
2014-12,F,258
2014-12,M,239
2014-12,F,26
2014-12,M,40
2014-12,F,41
2014-12,M,36
2014-12,F,47
2014-12,M,55
2014-12,F,37
2014-12,M,52
2014-12,F,4
2014-12,M,3
2014-12,F,8
2014-12,M,8
2014-12,F,14
2014-12,M,17
2014-12,M,2
2014-12,M,1
2014-12,M,1
2014-12,M,1
2015-01,F,3
2015-01,M,5
2015-01,F,1
2015-01,M,1
2015-01,F,9
2015-01,M,10
2015-01,F,2
2015-01,M,1
2015-01,F,46
2015-01,M,48
2015-01,F,12
2015-01,M,11
2015-01,F,33
2015-01,M,45
2015-01,F,15
2015-01,M,18
2015-01,F,255
2015-01,M,227
2015-01,F,58
2015-01,M,50
2015-01,F,95
2015-01,M,118
2015-01,F,41
2015-01,M,55
2015-01,F,487
2015-01,M,518
2015-01,F,94
2015-01,M,112
2015-01,F,90
2015-01,M,100
2015-01,F,85
2015-01,M,113
2015-01,F,276
2015-01,M,284
2015-01,F,25
2015-01,M,30
2015-01,F,33
2015-01,M,39
2015-01,F,58
2015-01,M,62
2015-01,F,44
2015-01,M,43
2015-01,F,1
2015-01,M,4
2015-01,F,4
2015-01,M,10
2015-01,F,10
2015-01,M,14
2015-01,F,3
2015-01,M,1
2015-01,M,1
2015-02,F,3
2015-02,M,6
2015-02,F,6
2015-02,M,4
2015-02,F,1
2015-02,M,1
2015-02,F,29
2015-02,M,33
2015-02,F,13
2015-02,M,9
2015-02,F,33
2015-02,M,35
2015-02,F,14
2015-02,M,8
2015-02,F,228
2015-02,M,206
2015-02,F,43
2015-02,M,40
2015-02,F,94
2015-02,M,114
2015-02,F,35
2015-02,M,39
2015-02,F,367
2015-02,M,434
2015-02,F,65
2015-02,M,84
2015-02,F,93
2015-02,M,79
2015-02,F,74
2015-02,M,90
2015-02,F,208
2015-02,M,207
2015-02,F,27
2015-02,M,25
2015-02,F,32
2015-02,M,22
2015-02,F,42
2015-02,M,41
2015-02,F,44
2015-02,M,37
2015-02,F,2
2015-02,M,3
2015-02,F,9
2015-02,M,7
2015-02,F,14
2015-02,M,21
2015-02,F,2
2015-02,M,1
2015-02,M,2
2015-02,F,1
2015-03,F,11
2015-03,M,6
2015-03,M,1
2015-03,F,7
2015-03,M,9
2015-03,F,1
2015-03,M,2
2015-03,F,39
2015-03,M,36
2015-03,F,11
2015-03,M,12
2015-03,F,34
2015-03,M,43
2015-03,F,13
2015-03,M,16
2015-03,F,227
2015-03,M,268
2015-03,F,59
2015-03,M,59
2015-03,F,88
2015-03,M,105
2015-03,F,47
2015-03,M,43
2015-03,F,460
2015-03,M,460
2015-03,F,68
2015-03,M,97
2015-03,F,75
2015-03,M,88
2015-03,F,88
2015-03,M,98
2015-03,F,243
2015-03,M,240
2015-03,F,23
2015-03,M,31
2015-03,F,40
2015-03,M,29
2015-03,F,60
2015-03,M,69
2015-03,F,41
2015-03,M,37
2015-03,F,7
2015-03,M,3
2015-03,F,8
2015-03,M,6
2015-03,F,12
2015-03,M,16
2015-03,F,1
2015-03,M,3
2015-03,M,1
2015-04,F,3
2015-04,M,2
2015-04,F,1
2015-04,M,1
2015-04,F,8
2015-04,M,10
2015-04,F,2
2015-04,F,40
2015-04,M,40
2015-04,F,17
2015-04,M,12
2015-04,F,36
2015-04,M,51
2015-04,F,14
2015-04,M,8
2015-04,F,206
2015-04,M,201
2015-04,F,56
2015-04,M,46
2015-04,F,116
2015-04,M,123
2015-04,F,57
2015-04,M,35
2015-04,F,431
2015-04,M,446
2015-04,F,75
2015-04,M,77
2015-04,F,94
2015-04,M,98
2015-04,F,103
2015-04,M,75
2015-04,F,245
2015-04,M,234
2015-04,F,26
2015-04,M,29
2015-04,F,45
2015-04,M,34
2015-04,F,56
2015-04,M,63
2015-04,F,52
2015-04,M,49
2015-04,F,3
2015-04,M,6
2015-04,F,8
2015-04,M,9
2015-04,F,12
2015-04,M,7
2015-04,F,2
2015-05,F,2
2015-05,M,4
2015-05,F,1
2015-05,M,2
2015-05,F,10
2015-05,M,9
2015-05,M,2
2015-05,F,38
2015-05,M,49
2015-05,F,17
2015-05,M,19
2015-05,F,33
2015-05,M,37
2015-05,F,17
2015-05,M,15
2015-05,F,195
2015-05,M,223
2015-05,F,54
2015-05,M,64
2015-05,F,120
2015-05,M,137
2015-05,F,47
2015-05,M,49
2015-05,F,390
2015-05,M,440
2015-05,F,68
2015-05,M,81
2015-05,F,104
2015-05,M,125
2015-05,F,74
2015-05,M,110
2015-05,F,232
2015-05,M,256
2015-05,F,34
2015-05,M,35
2015-05,F,34
2015-05,M,36
2015-05,F,47
2015-05,M,59
2015-05,F,44
2015-05,M,49
2015-05,F,5
2015-05,M,4
2015-05,F,10
2015-05,M,4
2015-05,F,17
2015-05,M,12
2015-05,F,3
2015-05,M,1
2015-05,F,1
2015-05,M,2
2015-06,F,1
2015-06,M,2
2015-06,F,1
2015-06,M,3
2015-06,F,8
2015-06,M,7
2015-06,F,48
2015-06,M,38
2015-06,F,11
2015-06,M,14
2015-06,F,32
2015-06,M,35
2015-06,F,11
2015-06,M,16
2015-06,F,198
2015-06,M,213
2015-06,F,37
2015-06,M,47
2015-06,F,106
2015-06,M,108
2015-06,F,36
2015-06,M,53
2015-06,F,431
2015-06,M,462
2015-06,F,81
2015-06,M,85
2015-06,F,77
2015-06,M,108
2015-06,F,86
2015-06,M,88
2015-06,F,229
2015-06,M,252
2015-06,F,36
2015-06,M,33
2015-06,F,30
2015-06,M,30
2015-06,F,56
2015-06,M,67
2015-06,F,43
2015-06,M,37
2015-06,F,3
2015-06,M,4
2015-06,F,6
2015-06,M,10
2015-06,F,16
2015-06,M,6
2015-06,M,1
2015-06,F,1
2015-06,M,1
2015-07,F,2
2015-07,M,2
2015-07,F,2
2015-07,M,1
2015-07,F,5
2015-07,M,8
2015-07,F,1
2015-07,F,40
2015-07,M,41
2015-07,F,12
2015-07,M,13
2015-07,F,33
2015-07,M,42
2015-07,F,14
2015-07,M,20
2015-07,F,206
2015-07,M,263
2015-07,F,56
2015-07,M,48
2015-07,F,117
2015-07,M,118
2015-07,F,59
2015-07,M,63
2015-07,F,458
2015-07,M,463
2015-07,F,86
2015-07,M,87
2015-07,F,86
2015-07,M,100
2015-07,F,82
2015-07,M,85
2015-07,F,244
2015-07,M,267
2015-07,F,35
2015-07,M,36
2015-07,F,40
2015-07,M,38
2015-07,F,48
2015-07,M,60
2015-07,F,49
2015-07,M,52
2015-07,F,7
2015-07,M,4
2015-07,F,5
2015-07,F,11
2015-07,M,9
2015-07,F,3
2015-07,M,1
2015-07,M,2
2015-07,F,1
2015-08,F,4
2015-08,M,2
2015-08,F,1
2015-08,F,7
2015-08,M,14
2015-08,F,1
2015-08,M,1
2015-08,F,29
2015-08,M,35
2015-08,F,13
2015-08,M,8
2015-08,F,40
2015-08,M,48
2015-08,F,9
2015-08,M,14
2015-08,F,236
2015-08,M,250
2015-08,F,44
2015-08,M,51
2015-08,F,113
2015-08,M,110
2015-08,F,27
2015-08,M,45
2015-08,F,434
2015-08,M,486
2015-08,F,85
2015-08,M,80
2015-08,F,95
2015-08,M,93
2015-08,F,96
2015-08,M,80
2015-08,F,249
2015-08,M,259
2015-08,F,25
2015-08,M,32
2015-08,F,45
2015-08,M,36
2015-08,F,55
2015-08,M,58
2015-08,F,54
2015-08,M,49
2015-08,F,2
2015-08,M,4
2015-08,F,7
2015-08,M,8
2015-08,F,10
2015-08,M,13
2015-08,F,6
2015-08,M,4
2015-08,F,1
2015-08,M,2
2015-08,M,1
2015-08,F,1
2015-09,F,2
2015-09,M,5
2015-09,F,1
2015-09,M,2
2015-09,F,6
2015-09,M,9
2015-09,F,45
2015-09,M,47
2015-09,F,14
2015-09,M,8
2015-09,F,46
2015-09,M,49
2015-09,F,18
2015-09,M,18
2015-09,F,266
2015-09,M,243
2015-09,F,61
2015-09,M,47
2015-09,F,121
2015-09,M,126
2015-09,F,54
2015-09,M,54
2015-09,F,482
2015-09,M,504
2015-09,F,83
2015-09,M,98
2015-09,F,93
2015-09,M,110
2015-09,F,96
2015-09,M,119
2015-09,F,271
2015-09,M,286
2015-09,F,36
2015-09,M,32
2015-09,F,30
2015-09,M,42
2015-09,F,55
2015-09,M,63
2015-09,F,43
2015-09,M,40
2015-09,F,9
2015-09,M,4
2015-09,F,8
2015-09,M,9
2015-09,F,14
2015-09,M,8
2015-09,F,3
2015-09,M,3
2015-09,M,1
2015-09,M,1
2015-09,M,1
2015-10,F,4
2015-10,M,3
2015-10,F,3
2015-10,M,4
2015-10,F,4
2015-10,M,15
2015-10,F,2
2015-10,M,2
2015-10,F,39
2015-10,M,30
2015-10,F,11
2015-10,M,16
2015-10,F,47
2015-10,M,48
2015-10,F,11
2015-10,M,17
2015-10,F,250
2015-10,M,280
2015-10,F,62
2015-10,M,56
2015-10,F,119
2015-10,M,126
2015-10,F,52
2015-10,M,36
2015-10,F,493
2015-10,M,512
2015-10,F,70
2015-10,M,94
2015-10,F,106
2015-10,M,96
2015-10,F,100
2015-10,M,104
2015-10,F,247
2015-10,M,296
2015-10,F,32
2015-10,M,36
2015-10,F,36
2015-10,M,48
2015-10,F,57
2015-10,M,56
2015-10,F,52
2015-10,M,46
2015-10,F,4
2015-10,M,3
2015-10,F,9
2015-10,M,9
2015-10,F,18
2015-10,M,14
2015-10,F,1
2015-10,M,1
2015-10,F,1
2015-11,F,4
2015-11,M,6
2015-11,M,3
2015-11,F,9
2015-11,M,9
2015-11,F,34
2015-11,M,41
2015-11,F,15
2015-11,M,16
2015-11,F,46
2015-11,M,33
2015-11,F,7
2015-11,M,19
2015-11,F,229
2015-11,M,264
2015-11,F,51
2015-11,M,58
2015-11,F,116
2015-11,M,117
2015-11,F,54
2015-11,M,43
2015-11,F,478
2015-11,M,479
2015-11,F,76
2015-11,M,99
2015-11,F,102
2015-11,M,107
2015-11,F,92
2015-11,M,104
2015-11,F,277
2015-11,M,302
2015-11,F,33
2015-11,M,21
2015-11,F,29
2015-11,M,34
2015-11,F,51
2015-11,M,55
2015-11,F,51
2015-11,M,50
2015-11,F,5
2015-11,M,7
2015-11,F,5
2015-11,M,6
2015-11,F,8
2015-11,M,7
2015-11,F,6
2015-11,M,2
2015-11,F,1
2015-11,M,1
2015-11,M,2
2015-11,F,2
2015-11,F,1
2015-12,F,2
2015-12,M,5
2015-12,M,2
2015-12,F,3
2015-12,M,5
2015-12,F,1
2015-12,M,1
2015-12,F,43
2015-12,M,36
2015-12,F,14
2015-12,M,9
2015-12,F,42
2015-12,M,49
2015-12,F,5
2015-12,M,19
2015-12,F,229
2015-12,M,239
2015-12,F,42
2015-12,M,54
2015-12,F,129
2015-12,M,143
2015-12,F,38
2015-12,M,47
2015-12,F,472
2015-12,M,486
2015-12,F,74
2015-12,M,103
2015-12,F,114
2015-12,M,116
2015-12,F,94
2015-12,M,123
2015-12,F,245
2015-12,M,281
2015-12,F,34
2015-12,M,45
2015-12,F,41
2015-12,M,39
2015-12,F,59
2015-12,M,62
2015-12,F,49
2015-12,M,51
2015-12,F,2
2015-12,M,7
2015-12,F,11
2015-12,M,4
2015-12,F,12
2015-12,M,13
2015-12,F,2
2015-12,M,1
2015-12,F,1
2015-12,F,1
2015-12,M,1
2016-01,F,4
2016-01,M,3
2016-01,F,3
2016-01,M,1
2016-01,F,7
2016-01,M,12
2016-01,M,1
2016-01,F,48
2016-01,M,43
2016-01,F,10
2016-01,M,5
2016-01,F,39
2016-01,M,25
2016-01,F,10
2016-01,M,10
2016-01,F,197
2016-01,M,231
2016-01,F,60
2016-01,M,40
2016-01,F,102
2016-01,M,110
2016-01,F,46
2016-01,M,45
2016-01,F,429
2016-01,M,439
2016-01,F,60
2016-01,M,78
2016-01,F,71
2016-01,M,100
2016-01,F,84
2016-01,M,114
2016-01,F,242
2016-01,M,223
2016-01,F,33
2016-01,M,33
2016-01,F,50
2016-01,M,39
2016-01,F,57
2016-01,M,58
2016-01,F,49
2016-01,M,57
2016-01,F,2
2016-01,M,4
2016-01,F,7
2016-01,M,7
2016-01,F,8
2016-01,M,8
2016-01,F,1
2016-01,M,2
2016-01,F,1
2016-01,M,1
2016-01,M,1
2016-02,F,4
2016-02,M,3
2016-02,F,1
2016-02,M,1
2016-02,F,5
2016-02,M,6
2016-02,F,1
2016-02,M,2
2016-02,F,29
2016-02,M,31
2016-02,F,8
2016-02,M,7
2016-02,F,25
2016-02,M,30
2016-02,F,10
2016-02,M,7
2016-02,F,226
2016-02,M,215
2016-02,F,39
2016-02,M,41
2016-02,F,93
2016-02,M,112
2016-02,F,36
2016-02,M,45
2016-02,F,428
2016-02,M,400
2016-02,F,60
2016-02,M,62
2016-02,F,84
2016-02,M,98
2016-02,F,84
2016-02,M,74
2016-02,F,235
2016-02,M,227
2016-02,F,32
2016-02,M,32
2016-02,F,39
2016-02,M,33
2016-02,F,59
2016-02,M,71
2016-02,F,33
2016-02,M,31
2016-02,F,1
2016-02,F,9
2016-02,M,9
2016-02,F,10
2016-02,M,10
2016-02,M,1
2016-02,F,2
2016-02,M,1
2016-02,F,1
2016-02,F,1
2016-03,F,1
2016-03,M,4
2016-03,F,1
2016-03,M,1
2016-03,F,5
2016-03,M,9
2016-03,F,1
2016-03,M,1
2016-03,F,33
2016-03,M,30
2016-03,F,9
2016-03,M,11
2016-03,F,39
2016-03,M,39
2016-03,F,14
2016-03,M,15
2016-03,F,195
2016-03,M,236
2016-03,F,40
2016-03,M,52
2016-03,F,122
2016-03,M,121
2016-03,F,50
2016-03,M,52
2016-03,F,469
2016-03,M,497
2016-03,F,79
2016-03,M,91
2016-03,F,103
2016-03,M,101
2016-03,F,69
2016-03,M,109
2016-03,F,229
2016-03,M,269
2016-03,F,29
2016-03,M,29
2016-03,F,36
2016-03,M,26
2016-03,F,58
2016-03,M,85
2016-03,F,57
2016-03,M,50
2016-03,F,2
2016-03,M,4
2016-03,F,7
2016-03,M,7
2016-03,F,7
2016-03,M,10
2016-03,F,2
2016-03,M,2
2016-03,F,1
2016-03,F,1
2016-03,M,2
2016-03,M,1
2016-04,F,5
2016-04,M,4
2016-04,F,2
2016-04,F,5
2016-04,M,10
2016-04,F,1
2016-04,M,1
2016-04,F,45
2016-04,M,41
2016-04,F,5
2016-04,M,15
2016-04,F,34
2016-04,M,29
2016-04,F,6
2016-04,M,9
2016-04,F,230
2016-04,M,235
2016-04,F,56
2016-04,M,44
2016-04,F,92
2016-04,M,111
2016-04,F,33
2016-04,M,45
2016-04,F,434
2016-04,M,446
2016-04,F,75
2016-04,M,79
2016-04,F,103
2016-04,M,94
2016-04,F,91
2016-04,M,88
2016-04,F,225
2016-04,M,268
2016-04,F,31
2016-04,M,32
2016-04,F,42
2016-04,M,33
2016-04,F,60
2016-04,M,82
2016-04,F,25
2016-04,M,44
2016-04,F,8
2016-04,M,4
2016-04,F,14
2016-04,M,7
2016-04,F,10
2016-04,M,13
2016-04,F,1
2016-04,M,2
2016-04,F,1
2016-05,F,2
2016-05,M,8
2016-05,F,2
2016-05,M,2
2016-05,F,5
2016-05,M,6
2016-05,F,2
2016-05,F,28
2016-05,M,42
2016-05,F,9
2016-05,M,11
2016-05,F,30
2016-05,M,52
2016-05,F,13
2016-05,M,10
2016-05,F,223
2016-05,M,241
2016-05,F,31
2016-05,M,50
2016-05,F,106
2016-05,M,117
2016-05,F,39
2016-05,M,47
2016-05,F,414
2016-05,M,450
2016-05,F,87
2016-05,M,94
2016-05,F,83
2016-05,M,105
2016-05,F,98
2016-05,M,85
2016-05,F,238
2016-05,M,254
2016-05,F,41
2016-05,M,37
2016-05,F,41
2016-05,M,39
2016-05,F,56
2016-05,M,78
2016-05,F,45
2016-05,M,45
2016-05,F,7
2016-05,M,2
2016-05,F,2
2016-05,M,9
2016-05,F,9
2016-05,M,13
2016-05,F,2
2016-05,M,1
2016-05,F,1
2016-06,F,8
2016-06,M,3
2016-06,F,1
2016-06,F,10
2016-06,M,9
2016-06,F,1
2016-06,F,40
2016-06,M,37
2016-06,F,7
2016-06,M,8
2016-06,F,42
2016-06,M,32
2016-06,F,8
2016-06,M,12
2016-06,F,202
2016-06,M,254
2016-06,F,28
2016-06,M,46
2016-06,F,133
2016-06,M,136
2016-06,F,43
2016-06,M,43
2016-06,F,442
2016-06,M,467
2016-06,F,74
2016-06,M,75
2016-06,F,99
2016-06,M,99
2016-06,F,92
2016-06,M,97
2016-06,F,243
2016-06,M,256
2016-06,F,38
2016-06,M,28
2016-06,F,45
2016-06,M,50
2016-06,F,77
2016-06,M,59
2016-06,F,38
2016-06,M,50
2016-06,F,4
2016-06,M,4
2016-06,F,5
2016-06,M,6
2016-06,F,10
2016-06,M,20
2016-06,M,4
2016-06,M,2
2016-06,F,1
2016-06,M,2
2016-06,F,2
2016-06,M,1
2016-06,M,1
2016-06,F,1
2016-06,F,1
2016-07,F,8
2016-07,M,1
2016-07,F,3
2016-07,M,1
2016-07,F,3
2016-07,M,4
2016-07,M,2
2016-07,F,32
2016-07,M,33
2016-07,F,8
2016-07,M,11
2016-07,F,37
2016-07,M,54
2016-07,F,11
2016-07,M,16
2016-07,F,220
2016-07,M,265
2016-07,F,33
2016-07,M,51
2016-07,F,105
2016-07,M,133
2016-07,F,48
2016-07,M,52
2016-07,F,429
2016-07,M,474
2016-07,F,70
2016-07,M,76
2016-07,F,83
2016-07,M,116
2016-07,F,83
2016-07,M,78
2016-07,F,256
2016-07,M,254
2016-07,F,28
2016-07,M,31
2016-07,F,37
2016-07,M,58
2016-07,F,56
2016-07,M,51
2016-07,F,43
2016-07,M,48
2016-07,F,3
2016-07,M,7
2016-07,F,7
2016-07,M,4
2016-07,F,10
2016-07,M,12
2016-07,F,2
2016-07,M,1
2016-07,F,1
2016-08,F,6
2016-08,M,4
2016-08,M,1
2016-08,F,4
2016-08,M,8
2016-08,F,3
2016-08,F,31
2016-08,M,35
2016-08,F,18
2016-08,M,10
2016-08,F,37
2016-08,M,52
2016-08,F,9
2016-08,M,11
2016-08,F,230
2016-08,M,239
2016-08,F,53
2016-08,M,50
2016-08,F,120
2016-08,M,131
2016-08,F,46
2016-08,M,46
2016-08,F,391
2016-08,M,482
2016-08,F,68
2016-08,M,74
2016-08,F,115
2016-08,M,113
2016-08,F,74
2016-08,M,102
2016-08,F,263
2016-08,M,242
2016-08,F,40
2016-08,M,38
2016-08,F,42
2016-08,M,40
2016-08,F,65
2016-08,M,55
2016-08,F,40
2016-08,M,46
2016-08,F,4
2016-08,M,3
2016-08,F,11
2016-08,M,7
2016-08,F,14
2016-08,M,9
2016-08,M,2
2016-08,F,1
2016-08,M,1
2016-08,M,1
2016-08,M,2
2016-09,F,5
2016-09,M,3
2016-09,F,1
2016-09,M,2
2016-09,F,9
2016-09,M,10
2016-09,F,1
2016-09,F,33
2016-09,M,33
2016-09,F,9
2016-09,M,13
2016-09,F,37
2016-09,M,38
2016-09,F,12
2016-09,M,14
2016-09,F,267
2016-09,M,255
2016-09,F,44
2016-09,M,43
2016-09,F,119
2016-09,M,141
2016-09,F,51
2016-09,M,47
2016-09,F,509
2016-09,M,518
2016-09,F,57
2016-09,M,79
2016-09,F,100
2016-09,M,103
2016-09,F,88
2016-09,M,94
2016-09,F,260
2016-09,M,247
2016-09,F,38
2016-09,M,31
2016-09,F,48
2016-09,M,44
2016-09,F,58
2016-09,M,59
2016-09,F,49
2016-09,M,64
2016-09,F,8
2016-09,M,5
2016-09,F,7
2016-09,M,8
2016-09,F,9
2016-09,M,8
2016-09,M,4
2016-09,F,1
2016-09,M,1
2016-10,F,5
2016-10,M,3
2016-10,F,1
2016-10,M,4
2016-10,F,8
2016-10,M,5
2016-10,F,3
2016-10,M,1
2016-10,F,44
2016-10,M,31
2016-10,F,11
2016-10,M,14
2016-10,F,35
2016-10,M,43
2016-10,F,13
2016-10,M,17
2016-10,F,213
2016-10,M,277
2016-10,F,47
2016-10,M,51
2016-10,F,126
2016-10,M,135
2016-10,F,48
2016-10,M,47
2016-10,F,431
2016-10,M,470
2016-10,F,66
2016-10,M,87
2016-10,F,101
2016-10,M,130
2016-10,F,78
2016-10,M,73
2016-10,F,242
2016-10,M,268
2016-10,F,26
2016-10,M,40
2016-10,F,48
2016-10,M,43
2016-10,F,55
2016-10,M,62
2016-10,F,38
2016-10,M,50
2016-10,F,10
2016-10,M,4
2016-10,F,9
2016-10,M,6
2016-10,F,16
2016-10,M,11
2016-10,M,3
2016-11,F,4
2016-11,M,2
2016-11,F,1
2016-11,F,11
2016-11,M,3
2016-11,F,2
2016-11,M,3
2016-11,F,32
2016-11,M,42
2016-11,F,10
2016-11,M,22
2016-11,F,45
2016-11,M,32
2016-11,F,15
2016-11,M,5
2016-11,F,225
2016-11,M,231
2016-11,F,50
2016-11,M,49
2016-11,F,112
2016-11,M,127
2016-11,F,36
2016-11,M,36
2016-11,F,461
2016-11,M,450
2016-11,F,73
2016-11,M,73
2016-11,F,112
2016-11,M,113
2016-11,F,72
2016-11,M,75
2016-11,F,253
2016-11,M,294
2016-11,F,32
2016-11,M,27
2016-11,F,41
2016-11,M,48
2016-11,F,58
2016-11,M,54
2016-11,F,33
2016-11,M,39
2016-11,F,5
2016-11,M,7
2016-11,F,5
2016-11,M,9
2016-11,F,16
2016-11,M,12
2016-11,F,3
2016-11,M,1
2016-11,F,1
2016-11,F,2
2016-11,F,1
2016-12,F,5
2016-12,M,5
2016-12,M,1
2016-12,F,4
2016-12,M,8
2016-12,F,1
2016-12,M,1
2016-12,F,21
2016-12,M,36
2016-12,F,10
2016-12,M,18
2016-12,F,43
2016-12,M,47
2016-12,F,13
2016-12,M,6
2016-12,F,254
2016-12,M,227
2016-12,F,37
2016-12,M,42
2016-12,F,105
2016-12,M,113
2016-12,F,46
2016-12,M,45
2016-12,F,451
2016-12,M,479
2016-12,F,54
2016-12,M,90
2016-12,F,88
2016-12,M,97
2016-12,F,75
2016-12,M,92
2016-12,F,257
2016-12,M,245
2016-12,F,25
2016-12,M,29
2016-12,F,44
2016-12,M,34
2016-12,F,54
2016-12,M,62
2016-12,F,38
2016-12,M,49
2016-12,F,4
2016-12,M,6
2016-12,F,9
2016-12,M,9
2016-12,F,12
2016-12,M,14
2016-12,F,1
2016-12,M,1
2016-12,F,2
2016-12,M,1
